﻿<?xml version="1.0" encoding="utf-8" ?>
<sqlMap namespace="" xmlns="http://ibatis.apache.org/mapping" xmlns:xsi="http://www.w3.org/2001/XMLSchema-instance">

  <alias>
    <typeAlias alias="AdminControllerAction" type="Cn.Loosoft.Zhisou.SunPower.Domain.AdminControllerAction, Domain" />
  </alias>

  <resultMaps>
    <resultMap id="admincontrolleraction_result" class="AdminControllerAction">
      <result property="id"			column="id"/>
      <result property="controllerName"			column="controller_name"/>
      <result property="actionName"			column="action_name"/>
      <result property="typeId"   column="typeid"/>
      <result property="descr"   column="descr"/>
      <result property="isAutoRedirect"   column="isautoredirect"/>

    </resultMap>
  </resultMaps>

  <cacheModels>
    <cacheModel id="admincontrolleraction_cache" implementation="LRU" readOnly="true" serialize="true">
      <flushInterval minutes="30"/>
      <property name="CacheSize" value="100"/>
    </cacheModel>
  </cacheModels>

  <statements>
    <select id="admincontrolleraction_get_list" resultMap="admincontrolleraction_result">
      select *  from admin_controller_action order by sort_order asc
    </select>

    <select id="select_role_controller_actions" resultMap="admincontrolleraction_result">
      select  t1.* from admin_controller_action as t1,admin_controller_action_role as t where t.controller_action_id=t1.id and t.roleid=#value# order by t1.sort_order asc
    </select>
  </statements>
</sqlMap>
