﻿<?xml version="1.0" encoding="utf-8" ?>
<sqlMap namespace="" xmlns="http://ibatis.apache.org/mapping" xmlns:xsi="http://www.w3.org/2001/XMLSchema-instance">

  <alias>
    <typeAlias alias="AdminControllerActionRole" type="Cn.Loosoft.Zhisou.SunPower.Domain.AdminControllerActionRole, Domain" />
  </alias>

  <resultMaps>
    <resultMap id="admincontrolleractionrole_result" class="AdminControllerActionRole">
      <result property="id"			column="id"/>
      <result property="roleId"			column="roleid"/>
      <result property="controllerActionId"			column="controller_action_id"/>
    </resultMap>
  </resultMaps>

  <cacheModels>
    <cacheModel id="admincontrolleractionrole_cache" implementation="LRU" readOnly="true" serialize="true">
      <flushInterval minutes="30"/>
      <property name="CacheSize" value="100"/>
    </cacheModel>
  </cacheModels>

  <statements>
    <insert id="admincontrolleractionrole_insert" resultMap="admincontrolleractionrole_result">
      insert into  admin_controller_action_role(roleid,controller_action_id) values(#roleId#,#controllerActionId#)
    </insert>

    <delete id="admincontrolleractionrole_delete">
      delete from   admin_controller_action_role where roleId=#roleId#
    </delete>


  </statements>
</sqlMap>
