﻿<?xml version="1.0" encoding="utf-8" ?>
<sqlMap namespace="" xmlns="http://ibatis.apache.org/mapping" xmlns:xsi="http://www.w3.org/2001/XMLSchema-instance">

  <alias>
    <typeAlias alias="Adpic" type="Cn.Loosoft.Zhisou.SunPower.Domain.Adpic, Domain" />
  </alias>

  <resultMaps>
    <resultMap id="adpic_info_result" class="Adpic">
      <result property="id"			column="id"/>
      <result property="picName"			column="picname"/>
      <result property="picUrl"			column="picurl"/>
      <result property="language"   column="language"/>
      <result property="langInstance"   column="language" lazyLoad="true" select="language_get_by_code" />
    </resultMap>
  </resultMaps>

  <cacheModels>
    <cacheModel id="adpic_cache" implementation="LRU" readOnly="true" serialize="true">
      <flushInterval minutes="30"/>
      <flushOnExecute  statement="adpic_insert"/>
      <flushOnExecute  statement="adpic_update"/>
      <flushOnExecute  statement="adpic_delete"/>
      <property name="CacheSize" value="100"/>
    </cacheModel>
  </cacheModels>

  <statements>
    <!--根据language获取所有的宣传图片-->
    <select id="adpic_get_by_language"  resultMap="adpic_info_result" parameterClass="Adpic" cacheModel="adpic_cache">
      select *  from  adpic where language=#language#
    </select>
    <!--根据id获取所有的宣传图片-->
    <select id="adpic_get"  resultMap="adpic_info_result" parameterClass="Adpic" cacheModel="adpic_cache">
      select *  from  adpic where id=#id#
    </select>
    <!--获取所有的宣传图片-->
    <select id="adpic_get_list"  resultMap="adpic_info_result" cacheModel="adpic_cache">
      select *  from  adpic order by id desc
    </select>
    <!--添加宣传图片-->
    <insert id="adpic_insert" parameterClass="Adpic">
      INSERT INTO  adpic(picname,picurl,language) VALUES( #picName#,#picUrl#,#language#)
      <selectKey resultClass="int" property="id" type="post">
        SELECT LAST_INSERT_ID() AS id
      </selectKey>
    </insert>
    <!--修改宣传图片-->
    <update id="adpic_update" paramentClass="Adpic">
      UPDATE  adpic SET id=#id#,picname=#picName#,picurl=#picUrl#,language=#language# WHERE id=#id#
    </update>
    <!-- 删除宣传图片-->
    <delete id="adpic_delete" paramentClass="Adpic">
      DELETE FROM adpic WHERE id=#id#
    </delete>

    <select id="loading_adpics_page_list" resultMap="adpic_info_result" cacheModel="adpic_cache">
      <![CDATA[  SELECT * from adpic limit $Start$,$End$]]>
    </select>

    <select id="loading_adpics_page_count" resultClass="int" cacheModel="adpic_cache">
      <![CDATA[SELECT COUNT(1) from adpic]]>
    </select>

  </statements>
</sqlMap>
