﻿<?xml version="1.0" encoding="utf-8" ?>
<sqlMap namespace="ChartGroup" xmlns="http://ibatis.apache.org/mapping" xmlns:xsi="http://www.w3.org/2001/XMLSchema-instance">

  <alias>
    <typeAlias alias="ChartGroup" type="Cn.Loosoft.Zhisou.SunPower.Domain.ChartGroup, Domain" />
  </alias>
  <resultMaps>
    <resultMap id="RetChartGroup" class="ChartGroup">
      <result column="id" property="id" />
      <result column="groupName" property="groupName" />
      <result column="userId" property="userId" />
      <result property="CustomReports" lazyLoad="false"	column="id" select="customchart_page_hashtable_list" />
    </resultMap>
  </resultMaps>
  <statements>
    <!--取得用户所有配置记录-->
    <select id="chartgroup_page_hashtable_list"   resultMap="RetChartGroup" parameterClass="Hashtable">
      SELECT *  FROM  chart_group where userId=#userId#
    </select>
    <!--根据id取得数据配置记录-->
    <select id="chartgroup_get" parameterClass="ChartGroup"  resultClass="ChartGroup">
      SELECT *  FROM  chart_group WHERE id=#id#
    </select>    
    <!-- 插入一条配置记录 -->
    <insert id="chartgroup_insert">
      INSERT INTO  chart_group (userId,groupName)
      VALUES(#userId#,#groupName#)
      <selectKey resultClass="int" property="id" type="post" >
        SELECT LAST_INSERT_ID() AS ID
      </selectKey>
    </insert>
    <!-- 删除一条配置记录 -->
    <delete id="chartgroup_delete" parameterClass="ChartGroup">
      DELETE FROM chart_group WHERE id=#id#
    </delete>
    <!-- 修改一条配置记录 -->
    <update id="chartgroup_update">
      UPDATE chart_group SET groupName=#groupName#,userId=#userId#
      where id=#id#
    </update>
    
  </statements>
</sqlMap>
