﻿<?xml version="1.0" encoding="UTF-8" ?>

<sqlMap namespace="" xmlns="http://ibatis.apache.org/mapping" xmlns:xsi="http://www.w3.org/2001/XMLSchema-instance">

  <alias>
    <typeAlias alias="CollectorDayData" type="Cn.Loosoft.Zhisou.SunPower.Domain.CollectorDayData, Domain" />
  </alias>

  <resultMaps>

  </resultMaps>

  <cacheModels>
    <cacheModel id="collector_daydata_cache" implementation="LRU" >
      <flushInterval minutes="30"/>
      <property name="CacheSize" value="1000"/>
    </cacheModel>
  </cacheModels>

  <statements>
    <!--取得跨天的功率数据-->
    <select id="collectordaydata_list_between_day" resultClass="CollectorDayData"  parameterClass="Hashtable" >
      <![CDATA[select * from collector_day_data_$yearmonth$ where collectorID=#collectorID# and sendDay>=#startDay# and sendDay<=#endDay# and monitorCode=#monitorCode#]]>
    </select>

    <!--根据设备，测点和天 取得设备数据-->
    <select id="collectordaydata_get_by_collectorid2monitor2sendday" resultClass="CollectorDayData" parameterClass="Hashtable" >
      <![CDATA[select *  from collector_day_data_$yearmonth$ where collectorID=#collectorID# and sendDay=#sendDay# and monitorCode=#monitorCode#]]>
    </select>

    <!--根据id 取得设备数据-->
    <select id="collectordaydata_get_by_id" resultClass="CollectorDayData" parameterClass="Hashtable" >
      <![CDATA[select * from collector_day_data_$yearmonth$ where id=#id#]]>
    </select>

    <!-- 插入一条记录-->
    <insert id="collectordaydata_insert" paramsClass="CollectorDayData">
      INSERT INTO collector_day_data_$yearmonth$ (collectorID,sendDay,dataContent,monitorCode)
      VALUES(#collectorID#,#sendDay#,#dataContent#,#monitorCode#)
      <selectKey resultClass="int" property="id" type="post" >
        SELECT LAST_INSERT_ID() AS id
      </selectKey>
    </insert>

    <!-- 根据id删除采集器天数据 add by qhb in 20120825 -->
    <delete id="collectordaydata_delete" parameterClass="CollectorDayData">
      DELETE FROM collector_day_data_$yearmonth$ WHERE collectorID=#collectorID# and sendDay=#sendDay#
    </delete>
    
    <!-- 更新一条记录-->
    <update id="collectordaydata_update" paramsClass="CollectorDayData">
      update collector_day_data_$yearmonth$ set dataContent=#dataContent# where collectorID=#collectorID# and sendDay=#sendDay# and monitorCode=#monitorCode#
    </update>

    <!--取得设备和某天的数据记录-->
    <select id="getCollectorDayDataNums" resultClass="int" parameterClass="Hashtable">
      <![CDATA[SELECT monitorCode FROM collector_day_data_$yearmonth$ WHERE collectorID=#collectorID# and sendDay=#sendDay#]]>
    </select>
  </statements>
</sqlMap>