﻿<?xml version="1.0" encoding="utf-8" ?>
<sqlMap namespace="" xmlns="http://ibatis.apache.org/mapping" xmlns:xsi="http://www.w3.org/2001/XMLSchema-instance">

  <alias>
    <typeAlias alias="CollectorYearMonthData" type="Cn.Loosoft.Zhisou.SunPower.Domain.CollectorYearMonthData, Domain" />
  </alias>

  <resultMaps>
    <resultMap id="CollectorYearMonthDataResult" class="CollectorYearMonthData">
      <result property="id"			column="id"/>
      <result property="collectorID" column="collectorID"/>
      <result property="year" column="year"/>
      <result property="m_1" column="m_1"/>
      <result property="m_2" column="m_2"/>
      <result property="m_3" column="m_3"/>
      <result property="m_4" column="m_4"/>
      <result property="m_5" column="m_5"/>
      <result property="m_6" column="m_6"/>
      <result property="m_7" column="m_7"/>
      <result property="m_8" column="m_8"/>
      <result property="m_9" column="m_9"/>
      <result property="m_10" column="m_10"/>
      <result property="m_11" column="m_11"/>
      <result property="m_12" column="m_12"/>
    </resultMap>
  </resultMaps>

  <statements>
    <!--取得某个单元跨年度的发电量记录-->
    <select id="collectoryearmonthdata_get_between" resultMap="CollectorYearMonthDataResult" parameterClass="Hashtable">
      <![CDATA[SELECT * FROM collector_yearmonth_data WHERE collectorID=#collectorID# and Year>=#startYear# and Year<=#endYear#]]>
    </select>.

    <!-- 搬家统计-->
    <select id="GetCollectorYearMonthData"  resultMap="CollectorYearMonthDataResult" parameterClass="Hashtable">
      SELECT *
      FROM collector_yearmonth_data
      where year=#year# and collectorID=#collectorID#
    </select>
    <update id="UpdateCollectorYearMonthData"   parameterClass="Hashtable">
      UPDATE collector_yearmonth_data
      SET $d_Column$=#d_Value#
      where id=#id#
    </update>
    <insert id="InsertCollectorYearMonthData" parameterClass="Hashtable">
      INSERT collector_yearmonth_data(collectorID,year,$d_Column$)
      VALUE(#collectorID#,#year#,#d_Value#)
    </insert>

  </statements>
  
  <cacheModels>
  <cacheModel id="UnitYearData_cache" implementation="MEMORY" >
    <flushInterval hours="2"/>
    <property name="cache-size" value="10000"/>
  </cacheModel>
  </cacheModels>
</sqlMap>


