﻿<?xml version="1.0" encoding="utf-8" ?>
<sqlMap namespace="" xmlns="http://ibatis.apache.org/mapping" xmlns:xsi="http://www.w3.org/2001/XMLSchema-instance">

  <alias>
    <typeAlias alias="Compensation" type="Cn.Loosoft.Zhisou.SunPower.Domain.Compensation, Domain" />
  </alias>

  <resultMaps>
    <resultMap id="compensation_result" class="Compensation">
      <result property="id"			column="id"/>
      <result property="plantid"			column="plantid"/>
      <result property="isplant"			column="isplant"/>
      <result property="year"			column="year"/>
      <result property="month"			column="month"/>
      <result property="day"			column="day"/>
      <result property="dataValue"			column="data_value"/>
      <result property="type"			column="type"/>
      <result property="compensationDate"			column="compensation_date"/>
      <result property="plant" lazyLoad="true"	column="plantid"         select="plant_info_get_lazy" />
      <result property="device" lazyLoad="true"	column="plantid"         select="device_get" />

    </resultMap>
  </resultMaps>

  <cacheModels>

  </cacheModels>

  <statements>

    <insert id="compensation_insert">
      <![CDATA[ insert into compensation (plantid,isplant,year,month,day,data_value,type,compensation_date) values (#plantid#,#isplant#,#year#,#month#,#day#,#dataValue#,#type#,#compensationDate#) ]]>
    </insert>

    <select id="compensation_get_list"  resultMap="compensation_result">
      <![CDATA[select * from compensation]]>
    </select>

    <delete id="compensation_delete" >
      <![CDATA[delete from compensation where id=#id#]]>
    </delete>

    <update id="compensation_update" >
      <![CDATA[ update compensation set plantid=#plantid#,isplant=#isplant#,year=#year#,month=#month#,day=#day#,data_value=#dataValue#,type=#type#,compensation_date=#compensationDate# where id=#id# ]]>
    </update>
    
    <!--根据电站和设备获取发电量补偿数据-->
    <select id="compensation_get_list_dynamic"  resultMap="compensation_result">
      <![CDATA[select * from compensation]]>
      <dynamic prepend="where">
        <isParameterPresent>
          <isNotEmpty prepend="or" property="plantid">
            ((plantid in ($plantid$) and isplant=1)
          </isNotEmpty>
          <isNotEmpty prepend="or" property="deviceids">
           (plantid in ($deviceids$) and isplant=0))
          </isNotEmpty>
          <isNotEmpty prepend="and" property="datefilter">
            <![CDATA[
           (compensation_date>#startDate# and compensation_date<#endDate#)]]>
          </isNotEmpty>
        </isParameterPresent>
      </dynamic>
      
    </select>
    
    <select id="compensation_get_list_by"  resultMap="compensation_result" parameterClass="Hashtable">
      <![CDATA[select * from compensation where isplant=#isplant# and plantid=#plantid# and type=#type#]]>
      <dynamic prepend="">
        <isParameterPresent>
          <isNotEmpty prepend="and" property="year">
            year = $year$
          </isNotEmpty>
          <isNotEmpty prepend="and" property="month">
            month = $month$
          </isNotEmpty>
        </isParameterPresent>
      </dynamic>
    </select>
    
  </statements>
</sqlMap>
