﻿<?xml version="1.0" encoding="utf-8" ?>
<sqlMap namespace="" xmlns="http://ibatis.apache.org/mapping" xmlns:xsi="http://www.w3.org/2001/XMLSchema-instance">

  <alias>
    <typeAlias alias="CustomChart" type="Cn.Loosoft.Zhisou.SunPower.Domain.CustomChart, Domain" />
  </alias>
  <statements>
    <!--取得用户所有配置记录-->
    <select id="customchart_page_hashtable_list"   resultClass="CustomChart" parameterClass="int">
      SELECT *  FROM  custom_chart
    </select>
    <!--根据id取得数据配置记录-->
    <select id="customchart_get" parameterClass="int"  resultClass="CustomChart">
      SELECT *  FROM  custom_chart WHERE id=#id# 
    </select>
    <select id="GetListOutGroup"   resultClass="CustomChart" parameterClass="int">
      SELECT *  FROM  custom_chart where userId=#value#
    </select> 
    <select id="GetListByGroupId"   resultClass="CustomChart" parameterClass="int">
      SELECT *  FROM  custom_chart where userId=#userId#
    </select>
    <select id="GetListByPlantId"   resultClass="CustomChart" parameterClass="int">
      SELECT *  FROM  custom_chart where plantId=#plantId#
    </select>
     <select id="customchart_get_list"   resultClass="CustomChart" parameterClass="CustomChart">
      SELECT *  FROM  custom_chart where userId=#userId#
    </select>
    <!-- 插入一条配置记录 -->
    <insert id="customchart_insert" parameterClass="CustomChart">
      INSERT INTO custom_chart (productName,userId,product,reportName,times,subType,timeSlot,timeInterval,groupId,tcounter,customType,plantId)
      VALUES(#productName#,#userId#,#product#,#reportName#,#times#,#subType#,#timeSlot#,#timeInterval#,#groupId#,#tcounter#,#customType#,#plantId#)
      <selectKey resultClass="int" property="id" type="post">
        SELECT LAST_INSERT_ID() AS ID
      </selectKey>
    </insert>
    
    <!-- 删除一条配置记录 -->
    <delete id="customchart_delete" parameterClass="CustomChart">
      DELETE FROM custom_chart WHERE id=#id#
    </delete>

    <!-- 删除一条配置记录 -->
    <delete id="DELETE_CUSTOMREPORT_BY_GROUPID" parameterClass="int">
      DELETE FROM custom_chart WHERE groupId=#value#
    </delete>

    <!-- 修改一条配置记录 -->
    <update id="customchart_update">
      UPDATE custom_chart SET userId=#userId#,product=#product#,reportName=#reportName#,productName=#productName#,plantId=#plantId#,
      times=#times#,subType=#subType#,timeSlot=#timeSlot#, timeInterval=#timeInterval#, groupId=#groupId#,tcounter=#tcounter# ,customType=#customType#
      where id=#id#
    </update>
    
  </statements>
</sqlMap>
