﻿<?xml version="1.0" encoding="utf-8" ?>
<sqlMap namespace="" xmlns="http://ibatis.apache.org/mapping" xmlns:xsi="http://www.w3.org/2001/XMLSchema-instance">

  <alias>
    <typeAlias alias="DayCompensation" type="Cn.Loosoft.Zhisou.SunPower.Domain.DayCompensation, Domain" />
  </alias>

  <resultMaps>
    <resultMap id="daycompensation_result" class="DayCompensation">
      <result property="id"			column="id"/>
      <result property="day"			column="day"/>
      <result property="compensation_value"			column="compensation_value"/>
      <result property="monthCompensation" lazyLoad="true"	column="month_compensation_id" select="monthcompensation_lazy_get" />
    </resultMap>
  </resultMaps>

  <cacheModels>

  </cacheModels>

  <statements>
    <select id="daycompensation_lazy_get" resultClass="DayCompensation">
      <![CDATA[select * from  day_compensation where id=#value# ]]>
    </select>
    <select id="month_daycompensation_lazy_get" resultMap="daycompensation_result">
      <![CDATA[select * from  day_compensation where month_compensation_id=#value# ]]>
    </select>
    
  </statements>
</sqlMap>
