﻿<?xml version="1.0" encoding="utf-8" ?>
<sqlMap namespace="" xmlns="http://ibatis.apache.org/mapping" xmlns:xsi="http://www.w3.org/2001/XMLSchema-instance">

  <alias>
    <typeAlias alias="DeviceModel" type="Cn.Loosoft.Zhisou.SunPower.Domain.DeviceModel, Domain" />
  </alias>

  <resultMaps>
    <resultMap id="devicemodel_result" class="DeviceModel">
      <result property="code"			column="code"/>
      <result property="name"			column="name"/>
      <result property="modelTypeCode"			column="modelTypeCode"/>
      <result property="designPower"			column="designPower"/>
    </resultMap>

    <resultMap id="devicemodel_result_with_isused" class="DeviceModel">
        <result property="code"			column="code"/>
        <result property="name"			column="name"/>
        <result property="modelTypeCode"			column="modelTypeCode"/>
        <result property="designPower"			column="designPower"/>
        <result property="isUsed"		lazyLoad="true"	column="code" select="check_device_model_isused" />
    </resultMap>
      
  </resultMaps>
  
  <cacheModels>
    <cacheModel id="devicemodel_get_list_cache" implementation="LRU">
      <flushInterval minutes="30"/>
      <flushOnExecute  statement="devicemodel_delete"/>
      <flushOnExecute  statement="devicemodel_update"/>
      <flushOnExecute  statement="devicemodel_insert"/>
      <property name="CacheSize" value="1000"/>
    </cacheModel>
    <cacheModel id="devicemodel_get" implementation="LRU">
      <flushInterval hours="2"/>
      <flushOnExecute  statement="devicemodel_delete"/>
      <flushOnExecute  statement="devicemodel_update"/>
      <property name="CacheSize" value="1000"/>
    </cacheModel>  
  </cacheModels>
  
  <statements>
    <select id="devicemodel_get_list" resultMap="devicemodel_result" cacheModel="devicemodel_get_list_cache">
      select * from device_model
    </select>

      <select id="check_device_model_isused" resultClass="int">
          select count(*) from device where devicemodelcode=#value#
      </select>
      
      
    <select id="devicemodel_get"  resultMap="devicemodel_result_with_isused" parameterClass="int" >
      select * from device_model where code=#value#
    </select>
    
     <select id="get_xh_by_devicetype"  resultMap="devicemodel_result" parameterClass="int">
       select * from device_model where modelTypeCode=#value#
     </select>
    
    <!--陈波添加-->
    <delete id="devicemodel_delete" parameterClass="string">
      delete from device_model where code=#code#
    </delete>
    <update id="devicemodel_update">
      UPDATE device_model SET modelTypeCode=#modelTypeCode#,name=#name#,designPower=#designPower# where code=#code#
    </update>
    <!--陈波 插入采集器信息-->
    <insert id="devicemodel_insert">
      INSERT INTO device_model (code,modelTypeCode,name,designPower) VALUES(#code#,#modelTypeCode#,#name#,#designPower#)
    </insert>


      <select id="loading_devicemodel_page_list" resultMap="devicemodel_result_with_isused">
          <![CDATA[  SELECT * from device_model  order by code desc limit $Start$,$End$]]>
      </select>

      <select id="loading_devicemodel_page_count" resultClass="int">
          <![CDATA[SELECT COUNT(1) from device_model]]>
      </select>
      
  </statements>
</sqlMap>
