﻿<?xml version="1.0" encoding="utf-8" ?>
<sqlMap namespace="" xmlns="http://ibatis.apache.org/mapping" xmlns:xsi="http://www.w3.org/2001/XMLSchema-instance">

  <alias>

    <typeAlias alias="DeviceDayData" type="Cn.Loosoft.Zhisou.SunPower.Domain.DeviceDayData, Domain" />

  </alias>


  <statements>
    <!--取得跨天的当个测点数据-->
    <select id="devicedaydata_list_between_day" resultClass="DeviceDayData" parameterClass="Hashtable" >
      <![CDATA[select * from $deviceType$_day_data_$yearmonth$ where deviceID=#deviceID# and sendDay>=#startDay# and sendDay<=#endDay# and monitorCode=#monitorCode#]]>
    </select>
    
    <!--取得跨天的多个测点数据 add by qhb in 20120915-->
    <select id="multidevicedaydata_list_between_day" resultClass="DeviceDayData" parameterClass="Hashtable" >
      <![CDATA[select * from $deviceType$_day_data_$yearmonth$ where deviceID=#deviceID# and sendDay>=#startDay# and sendDay<=#endDay#]]>
    </select>
    
    <!--根据设备，测点和天 取得设备数据-->
    <select id="devicedaydata_get_by_deviceid2monitor2sendday" resultClass="DeviceDayData" parameterClass="Hashtable" >
      <![CDATA[select * from $deviceType$_day_data_$yearmonth$ where deviceID=#deviceID# and sendDay=#sendDay# and monitorCode=#monitorCode#]]>
    </select>

    <!--根据id 取得设备数据-->
    <select id="devicedaydata_get_by_id" resultClass="DeviceDayData" parameterClass="Hashtable" >
      <![CDATA[select * from device_day_data_$yearmonth$ where id=#id#]]>
    </select>

    <!-- 插入一条记录-->
    <insert id="devicedaydata_insert" paramsClass="DeviceDayData">
      INSERT INTO $deviceType$_day_data_$yearmonth$ (deviceID,sendDay,dataContent,monitorCode) values(#deviceID#,#sendDay#,#dataContent#,#monitorCode#)
      <selectKey resultClass="int" property="id" type="post" >
        SELECT LAST_INSERT_ID() AS id
      </selectKey>
    </insert>
    
    <!-- 更新一条记录，改成时间面存储数据后只插不更新，废弃-->
    <update id="devicedaydata_update" paramsClass="DeviceDayData">
      update $deviceType$_day_data_$yearmonth$ set dataContent=#dataContent# where deviceID=#deviceID# and sendDay=#sendDay# and monitorCode=#monitorCode#
    </update>

    <!-- 根据id删除设备天数据 add by qhb in 20120825 -->
    <delete id="devicedaydata_delete" parameterClass="DeviceDayData">
      DELETE FROM $deviceType$_day_data_$yearmonth$ WHERE  deviceID=#deviceID# and sendDay=#sendDay#
    </delete>
    
    <!--取得设备和某天的数据记录-->
    <select id="getDeviceDayDataNums" resultClass="int" parameterClass="Hashtable">
      <![CDATA[SELECT monitorCode FROM $deviceType$_day_data_$yearmonth$ WHERE deviceID=#deviceID# and sendDay=#sendDay#]]>
    </select>
  </statements>
</sqlMap>
