﻿<?xml version="1.0" encoding="utf-8" ?>
<sqlMap namespace="" xmlns="http://ibatis.apache.org/mapping" xmlns:xsi="http://www.w3.org/2001/XMLSchema-instance">

  <alias>
    <typeAlias alias="DeviceYearData" type="Cn.Loosoft.Zhisou.SunPower.Domain.DeviceYearData, Domain" />
  </alias>
  <resultMaps>
    <resultMap id="DeviceYearDataResult" class="DeviceYearData">
      <result property="id"			column="id"/>
      <result property="deviceID" column="deviceID"/>
      <result property="year" column="year"/>
      <result property="dataValue" column="dataValue"/>
    </resultMap>
  </resultMaps>

  <statements>
    <insert id="deviceyeardata_insert" parameterClass="DeviceYearData">
      INSERT INTO  device_year_data (deviceID,year,dataValue) VALUES(#deviceID#,#year#,#dataValue#)
      <selectKey resultClass="int" property="id" type="post">
        SELECT LAST_INSERT_ID() AS id
      </selectKey>
    </insert>

    <delete id="deviceyeardata_delete" parameterClass="int">
      DELETE FROM device_year_data WHERE id=#value#
    </delete>

    <update id="deviceyeardata_update" parameterClass="DeviceYearData">
      UPDATE  device_year_data SET dataValue=#dataValue# WHERE id=#id#
    </update>

    <!--根据设备id取得年度发电量列表-->
    <select id="deviceyeardata_list_by_deviceid" resultClass="DeviceYearData" parameterClass="Hashtable">
      SELECT * FROM device_year_data WHERE deviceID = #deviceId#
    </select>

    <!--搬家-->
    <select id="GetByDeviceIdYear" resultClass="DeviceYearData" parameterClass="Hashtable">
      SELECT * FROM device_year_data WHERE deviceID = #deviceID# and year=#year#
    </select>
  </statements>
</sqlMap>

