﻿<?xml version="1.0" encoding="utf-8" ?>
<sqlMap namespace="" xmlns="http://ibatis.apache.org/mapping" xmlns:xsi="http://www.w3.org/2001/XMLSchema-instance">
  <alias>
    <typeAlias alias="DeviceRunData" type="Cn.Loosoft.Zhisou.SunPower.Domain.DeviceRunData, Domain" />
  </alias>
  <resultMaps>
    <resultMap id="DeviceRunDataResult" class="DeviceRunData">
      <result property="deviceID"			column="deviceID"/>
      <result property="rundatastr"			column="rundatastr"/>
      <result property="energy"			column="totalEnergy"/>
      <result property="updateTime"			column="updateTime"/>
    </resultMap>
  </resultMaps>
  <statements>
    <select id="devicerundata_get_list" parameterClass="int" resultMap="DeviceRunDataResult" >
      select * from device_run_data where deviceID=#value#
    </select>
    <select id="devicerundata_get" parameterClass="int" resultMap="DeviceRunDataResult" >
      select * from device_run_data where deviceID=#value#
    </select>
    <!-- 插入一条记录-->
    <insert id="devicerundata_insert" paramsClass="DeviceRunData">
      INSERT INTO device_run_data
      (deviceID,rundatastr,updateTime,totalEnergy)
      VALUES(#deviceID#,#rundatastr#,#updateTime#,#energy#)
    </insert>
    <!-- 更新一条记录-->
    <update id="devicerundata_update" paramsClass="DeviceRunData">
      update device_run_data set deviceID=#deviceID#,rundatastr=#rundatastr#,updateTime=#updateTime#,totalEnergy=#energy# where deviceID=#deviceID#
    </update>

    <select id="devicerundata_get_totalenergy"  resultClass="float" >
      <![CDATA[Select case  when count(*)=0 then 0 else Sum(totalEnergy) end as totalEnergy From device_run_data]]>
    </select>
  </statements>
</sqlMap>
