﻿<?xml version="1.0" encoding="UTF-8" ?>

<sqlMap namespace="" xmlns="http://ibatis.apache.org/mapping" xmlns:xsi="http://www.w3.org/2001/XMLSchema-instance">

  <alias>
    <typeAlias alias="DeviceDataCount" type="Cn.Loosoft.Zhisou.SunPower.Domain.DeviceDataCount, Domain" />
  </alias>

  <resultMaps>

  </resultMaps>


  <cacheModels>
    <cacheModel id="device_day_cache" implementation="LRU">
      <flushInterval minutes="30"/>
      <property name="CacheSize" value="1000"/>
    </cacheModel>
  </cacheModels>


  <statements>

    <select id="devicedatacount_get"  resultClass="DeviceDataCount"  parameterClass="DeviceDataCount">
      select *  from  $deviceTable$datacount_$year$ where deviceID=#deviceId# and monitorCode = #monitorCode# and month =#month# and day=#day#
    </select>

    <!--取得月度最大值发生时间-->
    <select id="GetMonthMax" resultClass="DeviceDataCount"  parameterClass="DeviceDataCount" >
      <![CDATA[select maxValue,maxTime  from $deviceTable$datacount_$year$ where deviceID=#deviceId# and monitorCode=#monitorCode# and month=#month# order by maxValue desc limit 1]]>
    </select>

    <!--取得年度度最大值发生时间-->
    <select id="GetYearMax" resultClass="DeviceDataCount"  parameterClass="DeviceDataCount" >
      <![CDATA[select maxValue,maxTime from $deviceTable$datacount_$year$ where deviceID=#deviceId# and monitorCode=#monitorCode# order by maxValue desc limit 1]]>
    </select>

    <!-- 插入一条记录-->
    <insert id="devicedatacount_insert" paramsClass="DeviceDataCount">
      INSERT INTO  $deviceTable$datacount_$year$ (deviceID,month,monitorCode,day,maxValue,maxTime)
      VALUES(#deviceId#,#month#,#monitorCode#,#day#,#maxValue#,#maxTime#)
      <selectKey resultClass="int" property="id" type="post" >
        SELECT LAST_INSERT_ID() AS id
      </selectKey>
    </insert>

    <!-- 更新一条记录-->
    <update id="devicedatacount_update" paramsClass="DeviceDataCount">
      update $deviceTable$datacount_$year$ set maxValue=#maxValue#,maxTime=#maxTime# where id=#id#
    </update>
  </statements>
</sqlMap>