﻿<?xml version="1.0" encoding="utf-8" ?>
<sqlMap namespace="" xmlns="http://ibatis.apache.org/mapping" xmlns:xsi="http://www.w3.org/2001/XMLSchema-instance">
  <alias>
    <typeAlias alias="Errorcode" type="Cn.Loosoft.Zhisou.SunPower.Domain.Errorcode, Domain" />
  </alias>

  <resultMaps>
    <resultMap id="ErrorcodeResult" class="Errorcode">
      <result property="id"			column="id"/>
      <result property="name"			column="name"/>
      <result property="code"			column="code"/>
      <result property="errorType"			column="errorType"/>
      <result property="defaultName"			column="defaultName"/>
    </resultMap>
  </resultMaps>

  <cacheModels>
    <cacheModel id="errorcode_cache"  implementation="LRU" readOnly="true" serialize="true">
      <flushInterval minutes="30"/>
      <flushOnExecute  statement="errorcode_insert"/>
      <flushOnExecute  statement="errorcode_update"/>
    </cacheModel>
  </cacheModels>

  <statements>
    
    <insert id="errorcode_insert" parameterClass="Errorcode">
      insert into errorcode(name,code,defaultName,errorType) values(#name#,#code#,#defaultName#,#errorType#)
      <selectKey resultClass="int" property="id" type="post">
        select last_insert_id() as id
      </selectKey>
    </insert>

    <update id="errorcode_update" parameterClass="Errorcode">
      update errorcode set name=#name#,code=#code# ,defaultName=#defaultName#,errorType=#errorType# where id=#id#
    </update>
    
    
    <delete id="errorcode_delete" parameterClass="Errorcode">
      delete from errorcode where id=#id#
    </delete>

    <select id="errorcode_get_list" resultMap="ErrorcodeResult">
      select * from errorcode
    </select>

    <select id="errorcode_get" resultMap="ErrorcodeResult">
      select * from errorcode where id=#id#
    </select>
    
    
  </statements>
</sqlMap>