﻿<?xml version="1.0" encoding="utf-8" ?>
<sqlMap namespace="" xmlns="http://ibatis.apache.org/mapping" xmlns:xsi="http://www.w3.org/2001/XMLSchema-instance">

  <alias>
    <typeAlias alias="Language" type="Cn.Loosoft.Zhisou.SunPower.Domain.Language, Domain" />
  </alias>

  <resultMaps>
    <resultMap id="language_result" class="Language">
      <result property="id"			column="id"/>
      <result property="name"			column="name"/>
      <result property="codename"			column="codename"/>
      <result property="packagename"			column="package_name"/>
      <result property="isenabled"			column="isenabled"/>
      <result property="displayName"			column="displayName"/>
      <result property="currencies"   column="currencies"/>
      <result property="isEdited"   column="isEdited"/>
    </resultMap>
  </resultMaps>
  
  <cacheModels>
    <cacheModel id="language_cache" implementation="LRU"  readOnly="true" serialize="true">
      <flushInterval minutes="30"/>
      <flushOnExecute  statement="language_update"/>
      <flushOnExecute  statement="language_insert"/>
    </cacheModel>
  </cacheModels>
  
  <statements>
    <select id="language_get_all_list" resultMap="language_result" cacheModel="language_cache">
      select * from language
    </select>
    <select id="language_get_list" resultMap="language_result" cacheModel="language_cache">
      select * from language where isenabled=1
    </select>
    <select id="language_get" resultClass="Language" cacheModel="language_cache">
      select * from language where id=#id#
    </select>
    
    <select id="language_get_lazy" resultClass="Language" cacheModel="language_cache">
        select * from language where id=#value#
    </select>
      
    <select id="language_get_by_code" resultClass="Language" cacheModel="language_cache">
        select * from language where codename=#value#
    </select>
      
    <update id="language_update" resultClass="int">
      update language set name=#name#,codename=#codename#,isenabled=#isenabled#,package_name=#packagename#,currencies=#currencies# where id=#id#
    </update>
    <insert id="language_insert">
      insert into  language (name ,codename, package_name,isenabled) values(#name#,#codename#,#packagename#,#isenabled#,#currencies#)
    </insert>

    <select id="language_get_by_id" resultClass="Language" paramterClass="int" cacheModel="language_cache">
      select * from language where id=#value#
    </select>
  </statements>


</sqlMap>