﻿<?xml version="1.0" encoding="UTF-8" ?>

<sqlMap namespace="Log" xmlns="http://ibatis.apache.org/mapping" xmlns:xsi="http://www.w3.org/2001/XMLSchema-instance">

  <alias>
    <typeAlias alias="Log" type="Cn.Loosoft.Zhisou.SunPower.Domain.Log, Domain" />
    <typeAlias alias="Pager" type="Cn.Loosoft.Zhisou.SunPower.Domain.Pager, Domain" />

  </alias>

  <resultMaps>
    <resultMap id="FaultResult" class="Log">
      <result property="id"			column="Id"/>
      <result property="subplantid"			column="SubplantId"/>
      <result property="address"			column="Address"/>
      <result property="deviceno"	column="DeviceNO"/>
      <result property="devicetype"			column="DeviceType"/>
      <result property="errorCode"			column="errorcode"/>
      <result property="errorType"			column="errortype"/>
      <result property="sendtime"			column="SendTime"/>
      <result property="confirm"			column="IsConFirmed"/>
    </resultMap>
  </resultMaps>

  <statements>
    <select id="loading_pager_page_list" resultMap="FaultResult" parameterClass="Pager">
      SELECT fault.* FROM fault_001 as fault  where  ORDER BY fault.SENDTIME DESC LIMIT $Start$,$End$
    </select>
    <select id="loading_pager_page_count" resultClass="int" parameterClass="Hashtable">
      <![CDATA[SELECT COUNT(1) FROM fault_001 　]]>
    </select>
    
    <select id="loading_hashtable_page_list" resultMap="FaultResult" parameterClass="Hashtable">
      <![CDATA[SELECT fault.* FROM fault_001 fault WHERE  fault.errortype IN ($fault.inforank$) AND fault.SENDTIME <= #fault.sendtime# AND fault.SubplantId in ($fault.subplantString$) AND fault.IsConFirmed in ($fault.confirmed$) ORDER BY fault.SENDTIME DESC LIMIT $page.Start$,$page.End$　]]>
    </select>
    <select id="loading_hashtable_page_count" resultClass="int" parameterClass="Hashtable">
      <![CDATA[SELECT COUNT(1) FROM fault_001  WHERE errortype IN ($fault.inforank$) AND SENDTIME <= #fault.sendtime#  AND SubplantId in ($fault.subplantString$)  AND IsConFirmed in ($fault.confirmed$) 　]]>
    </select>

    <update id="FAULT_UPDATE">
      <![CDATA[UPDATE fault_001 SET ISCONFIRMED =1 ]]>
    </update>

    <!--批量更新-->
    <update id="FAULT_HASHTABLE_UPDATE" parameterClass="Hashtable">
      <![CDATA[UPDATE  fault_001 SET ISCONFIRMED=1 WHERE errortype IN ($fault.InfoRank$) AND SENDTIME <= #fault.SendTime# ]]>
    </update>

    <update id="FAULT_ID_UPDATE" parameterClass="String">
      <![CDATA[UPDATE  fault_001 SET ISCONFIRMED=1 WHERE ID IN ($value$) ]]>
    </update>
    
    <!--取得多个单元的未确认告警数量-->
    <select id="log_noconfirmed_num" resultClass="int" parameterClass="string">
      <![CDATA[SELECT count(*) FROM fault_001 WHERE subplantID in ($value$) and isconfirmed = 0 ]]>
    </select>
  </statements>
</sqlMap>