﻿<?xml version="1.0" encoding="utf-8" ?>
<sqlMap namespace="" xmlns="http://ibatis.apache.org/mapping" xmlns:xsi="http://www.w3.org/2001/XMLSchema-instance">

  <alias>
    <typeAlias alias="MailConfig" type="Cn.Loosoft.Zhisou.SunPower.Domain.MailConfig, Domain" />
  </alias>

  <resultMaps>
    <resultMap id="mailconfig_result" class="MailConfig">
      <result property="id"			column="id"/>
      <result property="serverName"			column="serverName"/>
      <result property="emailName"			column="emailName"/>
      <result property="emailPwd"   column="emailPwd"/>
      <result property="port"   column="port" />

    </resultMap>
  </resultMaps>
  <cacheModels>
    <cacheModel id="mailconfig_cache" implementation="LRU" >
      <flushInterval minutes="30"/>
      <flushOnExecute  statement="mailconfig_insert"/>
      <flushOnExecute  statement="mailconfig_delete"/>
      <property name="CacheSize" value="1000"/>
    </cacheModel>
  </cacheModels>
  <statements>
  
    <select id="mailconfig_get_list"  resultMap="mailconfig_result" cacheModel="mailconfig_cache">
      select *  from mail_config 
    </select>
      <delete id="mailconfig_delete"  resultClass="int">
          delete from  mail_config where id=#id#
      </delete>
      <insert id="mailconfig_insert"  resultClass="int">
          insert into mail_config (serverName,emailName,emailPwd,port) values (#serverName#,#emailName#,#emailPwd#,#port#)
      </insert>
  </statements>
</sqlMap>
