﻿<?xml version="1.0" encoding="utf-8" ?>
<sqlMap namespace="Monitor" xmlns="http://ibatis.apache.org/mapping" xmlns:xsi="http://www.w3.org/2001/XMLSchema-instance">

  <alias>
    <typeAlias alias="Monitor" type="Cn.Loosoft.Zhisou.SunPower.Domain.Monitor, Domain" />
  </alias>

  <resultMaps>
    <resultMap id="MonitorResult" class="Monitor">
      <result property="id"			column="id"/>
      <result property="name"			column="name"/>
      <result property="url"			column="url"/>
      <result property="port"			column="port"/>
    </resultMap>
  </resultMaps>

  <cacheModels>
    <cacheModel id="monitor_get_list_cache" implementation="LRU">
      <flushInterval hours="24"/>
      <flushOnExecute  statement="monitor_delete"/>
      <flushOnExecute  statement="monitor_insert"/>
      <property name="CacheSize" value="1000"/>
    </cacheModel>
  </cacheModels>

  <statements>
    <!--取得所有配置记录-->
    <select id="monitor_get_list"  resultMap="MonitorResult" cacheModel="monitor_get_list_cache">
      select *  from  video_monitor
    </select>

    <delete id="monitor_delete">
      delete from  video_monitor where id=#id#
    </delete>

    <insert id="monitor_insert">
      insert into video_monitor (name,url ,port) values(#name#,#url#,#port#)
      <selectKey resultClass="int" property="id" type="post" >
        SELECT LAST_INSERT_ID() AS id
      </selectKey>
    </insert>


  </statements>
</sqlMap>
