<?xml version="1.0" encoding="UTF-8" ?>
<!-- namespace="PlantUnit" 先讲域注释了，不是同一个域缓存不能清空-->
<sqlMap namespace=""  xmlns="http://ibatis.apache.org/mapping" xmlns:xsi="http://www.w3.org/2001/XMLSchema-instance">

  <alias>
    <typeAlias alias="PlantUnit" type="Cn.Loosoft.Zhisou.SunPower.Domain.PlantUnit, Domain" />
  </alias>

  <resultMaps>
    <resultMap id="plant_unit_result" class="PlantUnit">
      <result property="id"			column="id"/>
      <result property="displayname"			column="displayname"/>
      <result property="plantID"	column="plantID"/>
      <result property="collectorID"	column="collectorID"/>
   
      <!--级联对象集合-->
      <result property="collector"	lazyLoad="false"	column="collectorID" select="collector_get" />
    </resultMap>

    <resultMap id="plant_unit_result_lazy" class="PlantUnit">
          <result property="id"			column="id"/>
          <result property="displayname"			column="displayname"/>
          <result property="plantID"	column="plantID"/>
          <result property="collectorID"	column="collectorID"/>
          <!--级联对象集合-->
          <result property="collector" lazyLoad="true"	column="collectorID" select="collector_get" />
        </resultMap>
  </resultMaps>
  
  <cacheModels>
    <cacheModel id="plantunit_cache" implementation="LRU"  readOnly="true" serialize="false">
      <flushInterval minutes="30"/>
      <flushOnExecute  statement="plantunit_delete"/>
      <flushOnExecute  statement="plantunit_delete_by_plantid"/>
      <flushOnExecute  statement="plantunit_insert"/>
      <flushOnExecute  statement="plantunit_update"/>
      <flushOnExecute  statement="device_delete"/>
      <flushOnExecute  statement="device_update"/>
      <flushOnExecute  statement="device_update_currentpower"/>
      <flushOnExecute  statement="device_update_status"/>
      <flushOnExecute  statement="updateDevice"/>
      <flushOnExecute  statement="device_insert"/>
      <property name="CacheSize" value="10000"/>
    </cacheModel>
  </cacheModels>
  
  
  <statements>
    <!--根据电站id和单元id，删除该电站的单元 （张月）-->
    <delete id="plantunit_delete" parameterClass="Hashtable">
      DELETE FROM plant_unit WHERE plantID=#plantID# and collectorID=#unitId#
    </delete>
    <!--根据电站id和单元id，删除该电站的单元 （张月）-->
    <delete id="plantunit_delete_by_plantid" parameterClass="int">
      DELETE FROM plant_unit WHERE plantID=#value# 
    </delete>
    <!--根据电站Id获取当前电站单元列表 （张月）-->
    <select id="plantunit_get_list_by_plantid"  resultMap="plant_unit_result" parameterClass="int"  cacheModel="plantunit_cache">
      select *  from  plant_unit where plantID=#value#
    </select>
    <!--根据主键id获取电站单元 （张月）-->
    <select id="plantunit_get"  resultMap="plant_unit_result" parameterClass="int"  cacheModel="plantunit_cache">
      select *  from  plant_unit where id=#value#
    </select>

    <select id="plantunit_get_lazy"  resultMap="plant_unit_result_lazy" parameterClass="int"  cacheModel="plantunit_cache">
        select *  from  plant_unit where collectorid=#value#
    </select>
      
    <!--根据电站Id和单元ID获取当前电站单元 （张月）-->
    <select id="plantunit_get_list_by_plantid_plantunitid"  resultMap="plant_unit_result" parameterClass="Hashtable"  cacheModel="plantunit_cache">
      select *  from  plant_unit where plantID=#plantID# and collectorID=#unitId#
    </select>
    <!--根据单元ID获取当前电站单元 （张月）-->
    <select id="plantunit_get_by_collectorID"  resultMap="plant_unit_result" parameterClass="int" >
      select *  from  plant_unit where collectorID=#value#
    </select>

    <!--根据采集器Id获取当前电站id（老钱）-->
    <select id="plantunit_get_plant_by_collectorid"  resultClass="int" parameterClass="int"  cacheModel="plantunit_cache">
      select distinct plantID from  plant_unit where collectorID=#value#
    </select>
    <!--获取全部电站单元列表-->
    <select id="plantunit_get_list" resultMap="plant_unit_result"  cacheModel="plantunit_cache">
      select *  from  plant_unit
    </select>
    <!--根据电站id和采集器id添加一个电站 （张月）-->
    <insert id="plantunit_insert" parameterClass="PlantUnit">
      INSERT INTO plant_unit VALUES(#id#,#plantID#,#collectorID#,#displayname#)
      <selectKey resultClass="int" property="id" type="post">
        SELECT LAST_INSERT_ID() AS id
      </selectKey>
    </insert>
    <!--根据主键id修改-->
    <update id="plantunit_update" parameterClass="PlantUnit">
      UPDATE plant_unit SET displayname=#displayname# where id=#id#
    </update>
  </statements>
</sqlMap>