﻿<?xml version="1.0" encoding="utf-8" ?>
<sqlMap namespace="" xmlns="http://ibatis.apache.org/mapping" xmlns:xsi="http://www.w3.org/2001/XMLSchema-instance">

  <alias>
    <typeAlias alias="QA" type="Cn.Loosoft.Zhisou.SunPower.Domain.QA, Domain" />
  </alias>

  <resultMaps>
    <resultMap id="qa_result" class="QA">
      <result property="id"			column="id"/>
      <result property="qid"			column="qid"/>
      <result property="username"			column="username"/>
      <result property="createip"			column="createip"/>
      <result property="pubdate"			column="pubdate"/>
      <result property="title"			column="title"/>
      <result property="descr"   column="descr"/>
      <result property="status"   column="status"/>
      <result property="isRecommend"   column="recommend"/>

      <result property="questionentity" lazyLoad="true"	column="qid" select="get_question" />
      <result property="answerslist" lazyLoad="true"	column="id" select="get_question_answers" />

    </resultMap>
  </resultMaps>

  <cacheModels>

  </cacheModels>

  <statements>
    <insert id="qa_insert">
      <![CDATA[insert into qa (title,descr,qid,status,pubdate,createip,username) values (#title#,#descr#,#qid#,#status#,#pubdate#,#createip#,#username#)]]>
    </insert>

    <update id="qa_update_status">
      <![CDATA[update qa set status=#status# where id=#id#]]>
    </update>

    <update id="qa_update">
      <![CDATA[update qa set title=#title#, descr=#descr# where id=#id#]]>
    </update>

    <update id="qa_recommend">
      <![CDATA[update qa set recommend=#isRecommend# where id=#id#]]>
    </update>
    
    <select id="qa_get_list" resultMap="qa_result">
      <![CDATA[select * from qa where (title like '%$title$%' or descr like '%$descr$%') and qid=0 ]]>
      <dynamic prepend="">
        <isParameterPresent>
          <isNotEqual prepend="and" property="status" compareValue="-1">
            status=#status#
          </isNotEqual>
          <isNotEmpty prepend="or" property="username">
            <![CDATA[ (username = #username#)]]>
          </isNotEmpty>
        </isParameterPresent>
      </dynamic>
      order by pubdate desc
    </select>

    <select id="qa_get" resultMap="qa_result">
      <![CDATA[select * from qa where id=#id#]]>
    </select>

    <select id="qa_get_recommend_list" resultMap="qa_result">
      <![CDATA[select * from qa where recommend=1 limit 0,3]]>
    </select>

    <select id="get_question" resultClass="QA">
      <![CDATA[select * from qa where id=#value#]]>
    </select>
    <select id="get_question_answers" resultClass="QA">
      <![CDATA[select * from qa where qid=#value#]]>
    </select>
  </statements>
</sqlMap>
