﻿<?xml version="1.0" encoding="UTF-8" ?>
<sqlMap namespace="" xmlns="http://ibatis.apache.org/mapping" xmlns:xsi="http://www.w3.org/2001/XMLSchema-instance">

  <alias>
    <typeAlias alias="ReportConfig" type="Cn.Loosoft.Zhisou.SunPower.Domain.ReportConfig, Domain" />
  </alias>

  <resultMaps>
    <resultMap id="ReportConfigResult" class="ReportConfig">
      <result property="id" column="Id"/>
        <result property="sendFormat" column="sendFormat"/>
        <result property="sendMode"			column="sendMode"/>   
        <result property="tinterval"			column="tinterval"/>
        <result property="email"			column="email"/>
        <result property="fixedTime"			column="fixedTime"/>
        <result property="lastSendTime"			column="lastSendTime"/>
        <result property="reportId"			column="reportId"/>
        <result property="plantId"			column="plantId"/>
    </resultMap>
  </resultMaps>


  <cacheModels>
    <cacheModel id="report_config_cache" implementation="LRU" readOnly="false" serialize="true">
      <flushInterval minutes="30"/>
      <flushOnExecute  statement="reportconfig_update"/>
      <flushOnExecute  statement="delete_event_report_by_reportId"/>
      <flushOnExecute  statement="reportconfig_insert"/>
      <flushOnExecute  statement="report_config_insert"/>
      <flushOnExecute  statement="update_event_report"/>
      <flushOnExecute  statement="insert_event_report"/>
      <property name="CacheSize" value="1000"/>
    </cacheModel>
  </cacheModels>
  
  
  <statements>
      <select id="reportconfig_get" resultMap="ReportConfigResult" paramsClass="int" >
        SELECT * FROM report_config where reportId=#value#
      </select>
  
    <insert id="reportconfig_insert" paramsClass="ReportConfig">
        INSERT INTO REPORT_CONFIG(sendFormat,sendMode,tinterval,email,fixedTime,reportId,plantId,lastSendTime)VALUES(#sendFormat#,#sendMode#,#tinterval#,#email#,#fixedTime#,#reportId#,#plantId#,#lastSendTime#)
        <selectKey resultClass="int" property="id" type="post" >
        SELECT LAST_INSERT_ID() AS id
      </selectKey>
    </insert>
    <insert id="report_config_insert" paramsClass="ReportConfig">
        INSERT INTO REPORT_CONFIG(sendFormat,email,reportId,plantId,lastSendTime)VALUES(#sendFormat#,#email#,#reportId#,#plantId#,#lastSendTime#)
        <selectKey resultClass="int" property="id" type="post" >
      SELECT LAST_INSERT_ID() AS id
    </selectKey>
    </insert>
    <update id="reportconfig_update" paramsClass="ReportConfig">
        update REPORT_CONFIG set sendFormat=#sendFormat#,sendMode=#sendMode#,tinterval=#tinterval#,email=#email#,fixedTime=#fixedTime#,lastSendTime=#lastSendTime#
        where reportId=#reportId#
    </update>

    <select id="reportconfig_lazy_load" resultClass="ReportConfig"  >
        select * from REPORT_CONFIG where reportId=#value#
    </select>

      <select id="get_event_report_configs" resultClass="ReportConfig" >
        select * from REPORT_CONFIG where reportId=0
      </select>
    <delete id="delete_event_report_by_reportId" paramsClass="int">
      delete from REPORT_CONFIG where reportId=#value#
    </delete>
    <select id="get_event_report_config_by_id" paramsClass="int" resultClass="ReportConfig" >
      select * from REPORT_CONFIG where reportId=0 and plantid=#value#
    </select>
    <update id="update_event_report" paramsClass="int">
      update REPORT_CONFIG set sendFormat=#sendFormat#,email=#email# where reportId=0 and plantId=#plantId#
    </update>
    <insert id="insert_event_report" paramsClass="ReportConfig">
        INSERT INTO REPORT_CONFIG(sendFormat,sendMode,email,reportId,plantId,lastSendTime,fixedTime)VALUES(#sendFormat#,#sendMode#,#email#,#reportId#,#plantId#,#lastSendTime#,#fixedTime#)
    </insert>
  </statements>
</sqlMap> 