﻿<?xml version="1.0" encoding="utf-8" ?>
<sqlMap namespace="" xmlns="http://ibatis.apache.org/mapping" xmlns:xsi="http://www.w3.org/2001/XMLSchema-instance">

  <alias>
    <typeAlias alias="ReportDataItem" type="Cn.Loosoft.Zhisou.SunPower.Domain.ReportDataItem, Domain" />
  </alias>

  <resultMaps>
    <resultMap id="DataItemResult" class="ReportDataItem">
      <result property="id"			column="id"/>
      <result property="name"			column="name"/>
      <result property="Enabled" column="enabled" />     
    </resultMap>
  </resultMaps>

  <cacheModels>
    <cacheModel id="report_dateitem_cache" implementation="LRU">
      <flushInterval minutes="30"/>
      <flushOnExecute  statement="dataitem_update"/>
      <property name="CacheSize" value="1000"/>
    </cacheModel>
  </cacheModels>
  
  <statements>
    <!--<select id="loading_dataitem_page_list" resultMap="DataItemResult" cacheModel="report_dateitem_cache">
      <![CDATA[  SELECT * from dataItem limit $Start$,$End$]]>
    </select>
    <select id="loading_dataitem_page_count"  resultClass="int" cacheModel="report_dateitem_cache">
      <![CDATA[SELECT COUNT(1) FROM dataItem 　]]>
    </select>
    <update id="dataitem_update" parameterClass="Hashtable">
      UPDATE DataItem SET enabled=#enabled# WHERE code=#code#
    </update>
    <select id="get_enabled_dataitem_list" resultMap="DataItemResult" cacheModel="report_dateitem_cache">
      select * from dataItem where enabled=1
    </select>
    <select id="get_unenabled_dataitem_list" resultMap="DataItemResult" cacheModel="report_dateitem_cache">
      select * from dataItem where enabled=0
    </select>-->

    <select id="reportdataitem_get" resultClass="ReportDataItem">
      select * from dataitem where id=#id#
    </select>
    
    <insert id="reportdataitem_insert">
      insert into dataItem (id,name) values(#id#,#name#)
    </insert>
    <delete id="reportdataitem_delete">
      delete from dataItem where id=#id#
    </delete>
  </statements>
</sqlMap>