﻿<?xml version="1.0" encoding="utf-8" ?>
<sqlMap namespace="" xmlns="http://ibatis.apache.org/mapping" xmlns:xsi="http://www.w3.org/2001/XMLSchema-instance">

  <alias>
    <typeAlias alias="DefineReport" type="Cn.Loosoft.Zhisou.SunPower.Domain.DefineReport, Domain" />
  </alias>

  <resultMaps>
    <resultMap id="RunReportResult" class="DefineReport">
      <result property="Id"			column="Id"/>
      <result property="ReportName"			column="reportName"/>
      <result property="ReportType" column="reportType" />
      <result property="PlantId" column="plantId"/>
      <result property="UserId" column="userId"/>
      <result property="SaveTime" column="saveTime"/>
      <result property="plant"		lazyLoad="true" column="PlantId" select="plant_get" />
      <result property="user"			lazyLoad="true" column="UserId" select="user_get" />
      <result property="dataitem"	column="dataitem"/>
    </resultMap>

      <resultMap id="Interval_RunReportResult" class="DefineReport">
          <result property="Id"			column="Id"/>
          <result property="ReportName"			column="reportName"/>
          <result property="ReportType" column="reportType" />
          <result property="PlantId" column="plantId"/>
          <result property="UserId" column="userId"/>
          <result property="SaveTime" column="saveTime"/>
          <result property="user"			lazyLoad="true" column="UserId" select="define_report_lazy" />
          <result property="dataitem"	column="dataitem"/>
          <result property="config"			lazyLoad="true" column="Id" select="reportconfig_lazy_load" />
      </resultMap>
      
      
  </resultMaps>
  
  
  <cacheModels>
    <cacheModel id="report_cache" implementation="LRU" readOnly="false" serialize="true">
      <flushInterval hours="2"/>
      <flushOnExecute  statement="delete_report_by_Id"/>
      <flushOnExecute  statement="edit_report_by_id"/>
      <flushOnExecute  statement="definereport_insert"/>
      <property name="CacheSize" value="1000"/>
    </cacheModel>
  </cacheModels>
  <statements>
    <select id="loading_report_page_list_by_plantId" resultMap="RunReportResult" parameterClass="Hashtable">
      <![CDATA[  SELECT * from defineReport where plantId=#PlantId#  order by  reporttype limit $page.Start$,$page.End$]]>
    </select>
    <select id="loading_report_page_count_by_plantId"  resultClass="int" parameterClass="Hashtable">
      <![CDATA[SELECT COUNT(1) FROM defineReport where plantId=#PlantId#]]>
    </select>

    <select id="define_report_get" resultMap="RunReportResult"  parameterClass="int">
      select * from defineReport where Id=#Id#
    </select>

      <select id="get_all_defined_report"  resultMap="Interval_RunReportResult">
          <![CDATA[select * from definereport order by  reporttype]]>
      </select>

    <select id="loading_report_page_list_by_userId" resultMap="RunReportResult"  parameterClass="Hashtable">
      <![CDATA[  SELECT * from defineReport where userId=#UserId#  order by  reporttype limit $page.Start$,$page.End$　]]>
    </select>
    
    
    <select id="loading_report_page_count_by_userId"  resultClass="int" parameterClass="Hashtable">
      <![CDATA[SELECT COUNT(1) FROM defineReport where userId=#UserId#　]]>
    </select>
    
    <delete id="delete_report_by_Id"  parameterClass="int">
      delete from defineReport where Id=#Id#
    </delete>
    <select id="get_report_by_id" parameterClass="int">
      select * from defineReport where  Id=#value#
    </select>
    <update id="edit_report_by_id" parameterClass="DefineReport">
      update defineReport set reportName=#ReportName#,reportType=#ReportType#,plantId=#PlantId#,dataitem=#dataitem#,userId=#UserId# where Id=#Id#
    </update>
    <insert id="definereport_insert" parameterClass="DefineReport">
      insert into defineReport(reportName,reportType,dataitem,plantId,userId,SaveTime)values(#ReportName#,#reportType#,#dataitem#,#PlantId#,#UserId#,now())
      <selectKey resultClass="int" property="id" type="post" >
   SELECT LAST_INSERT_ID() AS id
      </selectKey>
    </insert>
  </statements>
</sqlMap>