﻿<?xml version="1.0" encoding="utf-8" ?>
<sqlMap namespace="" xmlns="http://ibatis.apache.org/mapping" xmlns:xsi="http://www.w3.org/2001/XMLSchema-instance">

  <alias>
    <typeAlias alias="VideoMonitor" type="Cn.Loosoft.Zhisou.SunPower.Domain.VideoMonitor, Domain" />
  </alias>

  <resultMaps>
    <resultMap id="MonitorResult" class="VideoMonitor">
      <result property="id"			column="id"/>
      <result property="name"			column="name"/>
      <result property="url"			column="url"/>
      <result property="plantId"			column="plantId"/>
      <result property="folder"			column="folder"/>
      <result property="videofolder"			column="videofolder"/>
    </resultMap>
  </resultMaps>

  <cacheModels>
    <cacheModel id="monitor_cache" implementation="LRU"  readOnly="true" serialize="false">
      <flushInterval minutes="30"/>
      <flushOnExecute  statement="videomonitor_delete"/>
      <flushOnExecute  statement="videomonitor_insert"/>
      <property name="CacheSize" value="1000"/>
    </cacheModel>
  </cacheModels>

  <statements>
    <!--取得所有配置记录-->
    <select id="videomonitor_get_list"  resultMap="MonitorResult" paramterClass="MonitorResult" cacheModel="monitor_cache" >
      select *  from  video_monitor where plantId=#plantId#
    </select>
    
    <select id="videomonitor_get_list_lazy"  resultMap="MonitorResult" paramterClass="int"  cacheModel="monitor_cache">
          select *  from  video_monitor where plantId=#value#
    </select>
      
    <delete id="videomonitor_delete">
      delete from  video_monitor where id=#id#
    </delete>

    <insert id="videomonitor_insert">
      insert into video_monitor (plantId,name,url,folder,videofolder) values(#plantId#,#name#,#url#,#folder#,#videofolder#)
      <selectKey resultClass="int" property="id" type="post" >
        SELECT LAST_INSERT_ID() AS id
      </selectKey>
    </insert>
  </statements>
</sqlMap>
