﻿<?xml version="1.0" encoding="utf-8" ?>
<sqlMap namespace="" xmlns="http://ibatis.apache.org/mapping" xmlns:xsi="http://www.w3.org/2001/XMLSchema-instance">

  <alias>
    <typeAlias alias="VirtualPlant" type="Cn.Loosoft.Zhisou.SunPower.Domain.VirtualPlant, Domain" />
  </alias>

  <resultMaps>
    <resultMap id="virtualplant_result" class="VirtualPlant">
      <result property="id"			column="id"/>
      <result property="userId"			column="userId"/>
      <result property="name"			column="name"/>
      <result property="parentId"			column="parentid"/>
      <result property="plantIds"   column="plantids"/>
      <result property="country"   column="country"/>
      <result property="city"   column="city"/>
      <result property="desc"   column="descr"/>
      <result property="pic"   column="pic"/>
      <result property="childVirtual" lazyLoad="true" column="id" select="virtualplant_child_lazy" />
      <result property="plants" lazyLoad="true" column="plantIds" select="get_plants_plantids_lazy" />
    </resultMap>
  </resultMaps>

  <cacheModels>

  </cacheModels>

  <statements>
    <!--<select id="virtualplant_child_lazy" resultMap="virtualplant_result">
      select * from virtual_plant where parentid=#value#
      --><!--select * from virtual_plant where id in (select  plantid from plant_user where userid=#value#)--><!--
    </select>

    <select id="virtualplant_uid_lazy" resultMap="virtualplant_result">
      --><!--select * from virtual_plant where userId=#value# and parentId=0--><!--
      select * from virtual_plant where id in (select  plantid from plant_user where userid=#value#) and parentId=0
    </select>

    <insert id="virtualplant_insert" resultMap="virtualplant_result">
      insert into virtual_plant (userId,name,parentId,plantIds,descr,country,city,pic) values (#userId#,#name#,#parentId#,#plantIds#,#desc#,#country#,#city#,#pic#)
      <selectKey resultClass="int" property="id" type="post" >
        SELECT LAST_INSERT_ID() AS id
      </selectKey>
    </insert>
    
    <update id="virtualplant_update_parentid">
      update virtual_plant set parentid=0 where parentid=#value#
    </update>

    <update id="virtualplant_update">
      update virtual_plant set userId=#userId#,name=#name#,pic=#pic# ,country=#country#,city=#city#, parentid=#parentId#,plantIds=#plantIds#,descr=#desc# where id=#id#
    </update>

    <select id="virtualplant_get" resultMap="virtualplant_result">
      select * from virtual_plant where id=#id#
    </select>
    
    <select id="virtualplant_get_uid" resultMap="virtualplant_result">
      select * from virtual_plant where userId=#value#
    </select>

    <delete id="virtualplant_delete">
      delete from virtual_plant where id=#id#
    </delete>-->
    
  </statements>
</sqlMap>
