﻿<?xml version="1.0" encoding="utf-8" ?>
<sqlMap namespace="" xmlns="http://ibatis.apache.org/mapping" xmlns:xsi="http://www.w3.org/2001/XMLSchema-instance">

  <alias>
    <typeAlias alias="YearCompensation" type="Cn.Loosoft.Zhisou.SunPower.Domain.YearCompensation, Domain" />
  </alias>

  <resultMaps>
    <resultMap id="yearcompensation_result" class="YearCompensation">
      <result property="id"			column="id"/>
      <result property="year"			column="year"/>
      <result property="compensation_value"			column="compensation_value"/>
      <result property="monthCompensationes" lazyLoad="false"	column="id" select="year_monthcompensation_lazy_get" />
    </resultMap>
  </resultMaps>

  <cacheModels>

  </cacheModels>

  <statements>
    <select id="yearcompensation_lazy_get" resultClass="YearCompensation">
      <![CDATA[select * from  year_compensation where id=#value# ]]>
    </select>

    <select id="plant_yearcompensation_lazy_getlist" resultMap="yearcompensation_result">
      <![CDATA[select * from  year_compensation where plantid=#value# ]]>
    </select>
  </statements>
</sqlMap>
